,Unnamed: 0,id,last_scraped,source,host_id,host_response_time,host_response_rate,host_acceptance_rate,host_is_superhost,host_listings_count,host_total_listings_count,host_verifications,neighbourhood,latitude,longitude,property_type,room_type,accommodates,bathrooms,bedrooms,beds,amenities,price,minimum_nights,maximum_nights,minimum_minimum_nights,maximum_minimum_nights,minimum_maximum_nights,maximum_maximum_nights,minimum_nights_avg_ntm,maximum_nights_avg_ntm,availability_30,availability_60,availability_90,availability_365,number_of_reviews,number_of_reviews_ltm,number_of_reviews_l30d,review_scores_rating,review_scores_accuracy,review_scores_cleanliness,review_scores_checkin,review_scores_communication,review_scores_location,review_scores_value,license,calculated_host_listings_count,calculated_host_listings_count_entire_homes,calculated_host_listings_count_private_rooms,calculated_host_listings_count_shared_rooms,reviews_per_month
200,200,2973483,2024-12-25,city scrape,15167857,,,0%,f,2,2,"['email', 'phone']","Athens, Attica, Greece",37.97809,23.72315,Private room in home,Private room,2,1.0,1.0,1.0,"[""Host greets you"", ""Luggage dropoff allowed"", ""Dishes and silverware"", ""Smoking allowed"", ""Hair dryer"", ""Refrigerator"", ""Essentials"", ""Heating"", ""Cooking basics"", ""Patio or balcony"", ""Hot water"", ""Oven"", ""Stove"", ""Microwave"", ""Shampoo"", ""BBQ grill"", ""First aid kit"", ""Free street parking"", ""Kitchen"", ""Fire extinguisher"", ""Wifi"", ""Coffee maker""]",$123.00,1,20,1,1,20,20,1.0,20.0,0,0,0,1,189,0,0,4.59,4.74,4.54,4.86,4.79,4.9,4.61,00000477435,2,1,1,0,1.47
400,400,11312612,2024-12-25,city scrape,31228567,within an hour,100%,100%,t,6,6,"['email', 'phone']","Αθήνα, Αττική, Greece",37.96787,23.72753,Entire condo,Entire home/apt,6,1.5,2.0,3.0,"[""Coffee"", ""Outlet covers"", ""Hair dryer"", ""Drying rack for clothing"", ""Trash compactor"", ""Ethernet connection"", ""Freezer"", ""Crib"", ""Blender"", ""Paid parking off premises"", ""Room-darkening shades"", ""Cleaning available during stay"", ""Bed linens"", ""Shampoo"", ""Free washer \u2013 In unit"", ""Private patio or balcony"", ""Central heating"", ""Rice maker"", ""Carbon monoxide alarm"", ""Conditioner"", ""Cleaning products"", ""Shower gel"", ""Refrigerator"", ""Free dryer \u2013 In unit"", ""Self check-in"", ""Safe"", ""Cooking basics"", ""Private entrance"", ""Baby safety gates"", ""55 inch HDTV with Netflix, standard cable, premium cable, Amazon Prime Video"", ""High chair"", ""Hot water"", ""Laundromat nearby"", ""Baking sheet"", ""Long term stays allowed"", ""Bluetooth sound system"", ""Mosquito net"", ""Outdoor furniture"", ""Kitchen"", ""Body soap"", ""Coffee maker: drip coffee maker, french press, pour-over coffee"", ""Fire extinguisher"", ""Elevator"", ""Portable fans"", ""Wifi"", ""Luggage dropoff allowed"", ""Ceiling fan"", ""Arcade games"", ""Books and reading material"", ""Microwave"", ""Portable air conditioning"", ""Window AC unit"", ""Mini fridge"", ""Bathtub"", ""Dishwasher"", ""Wine glasses"", ""Babysitter recommendations"", ""Board games"", ""Barbecue utensils"", ""Free street parking"", ""Pack \u2019n play/Travel crib"", ""Children\u2019s dinnerware"", ""Table corner guards"", ""Dishes and silverware"", ""Toaster"", ""Central air conditioning"", ""Essentials"", ""Game console"", ""Dedicated workspace"", ""Hangers"", ""Theme room"", ""Oven"", ""Clothing storage: walk-in closet, closet, wardrobe, and dresser"", ""Iron"", ""Window guards"", ""Outdoor dining area"", ""Building staff"", ""Bread maker"", ""Smoke alarm"", ""Hot water kettle"", ""Dining table"", ""First aid kit"", ""Single level home"", ""Extra pillows and blankets"", ""LG stainless steel electric stove"", ""Changing table""]",$146.00,1,730,1,1,1125,1125,1.0,1125.0,14,26,56,328,263,15,2,4.97,4.94,4.94,4.98,4.99,4.99,4.92,00002909304,6,6,0,0,2.44
600,600,13621619,2024-12-25,city scrape,77926998,within an hour,100%,100%,f,21,23,"['email', 'phone']",,37.98509,23.72692,Entire rental unit,Entire home/apt,2,1.0,1.0,1.0,"[""Luggage dropoff allowed"", ""Dishes and silverware"", ""Washer"", ""TV"", ""Hair dryer"", ""Refrigerator"", ""Essentials"", ""Heating"", ""Ethernet connection"", ""Hangers"", ""Dryer"", ""Hot water"", ""Long term stays allowed"", ""Air conditioning"", ""Iron"", ""Bed linens"", ""Shampoo"", ""First aid kit"", ""Extra pillows and blankets"", ""Kitchen"", ""Fire extinguisher"", ""Elevator"", ""Wifi"", ""Coffee maker""]",$28.00,2,1125,1,2,1125,1125,1.3,1125.0,21,51,81,356,277,18,0,4.73,4.82,4.86,4.96,4.93,4.2,4.76,00003060659,14,14,0,0,2.68
800,800,17281679,2024-12-25,city scrape,23237717,within an hour,100%,100%,f,2,2,"['email', 'phone']","Αθηνα, Αττικη, Greece",37.9654,23.73211,Entire condo,Entire home/apt,6,1.0,2.0,4.0,"[""Host greets you"", ""Dishes and silverware"", ""Toaster"", ""Clothing storage: wardrobe and dresser"", ""Hair dryer"", ""Refrigerator"", ""Essentials"", ""Heating"", ""Self check-in"", ""Cooking basics"", ""Lockbox"", ""Drying rack for clothing"", ""Electric stove"", ""Hangers"", ""Freezer"", ""Crib"", ""Hot water"", ""Books and reading material"", ""Oven"", ""Baking sheet"", ""Microwave"", ""Long term stays allowed"", ""Window AC unit"", ""City skyline view"", ""Iron"", ""Bed linens"", ""Shampoo"", ""Free washer \u2013 In unit"", ""Hot water kettle"", ""Wine glasses"", ""First aid kit"", ""Outdoor furniture"", ""Extra pillows and blankets"", ""Private patio or balcony"", ""Free street parking"", ""Kitchen"", ""Body soap"", ""32 inch HDTV with standard cable"", ""Fire extinguisher"", ""Elevator"", ""Wifi"", ""Coffee maker""]",$60.00,2,1125,2,2,1125,1125,2.0,1125.0,30,58,85,347,115,13,0,4.61,4.81,4.68,4.87,4.91,4.49,4.57,00000246204,1,1,0,0,1.21
1000,1000,19613468,2024-12-25,city scrape,61521694,within an hour,100%,100%,t,1,1,"['email', 'phone']","Athina, Greece",37.98731,23.73349,Entire rental unit,Entire home/apt,9,1.5,4.0,5.0,"[""Host greets you"", ""Coffee"", ""Dishes and silverware"", ""Washer"", ""Luggage dropoff allowed"", ""Cleaning products"", ""Shower gel"", ""TV"", ""Toaster"", ""Hair dryer"", ""Essentials"", ""Heating"", ""Cooking basics"", ""Drying rack for clothing"", ""Hangers"", ""Freezer"", ""Crib"", ""Hot water"", ""Oven"", ""Stove"", ""Microwave"", ""Long term stays allowed"", ""Air conditioning"", ""Iron"", ""Room-darkening shades"", ""Bed linens"", ""Shampoo"", ""SAMSUNG refrigerator"", ""Dishwasher"", ""Smoke alarm"", ""Hot water kettle"", ""Wine glasses"", ""Dining table"", ""Extra pillows and blankets"", ""Private patio or balcony"", ""Free street parking"", ""Kitchen"", ""Body soap"", ""Carbon monoxide alarm"", ""Fire extinguisher"", ""Elevator"", ""Wifi"", ""Coffee maker""]",$138.00,3,60,3,3,1125,1125,3.0,1125.0,23,53,83,339,172,35,2,4.94,4.96,4.95,4.98,4.98,4.68,4.89,00000016384,1,1,0,0,1.94
1200,1200,20938041,2024-12-25,city scrape,70768317,within a few hours,100%,100%,f,1,1,['phone'],,37.9758,23.72396,Entire guesthouse,Entire home/apt,4,1.0,1.0,2.0,"[""Extra pillows and blankets"", ""Host greets you"", ""Air conditioning"", ""Private entrance"", ""Kitchen"", ""Iron"", ""Free street parking"", ""Room-darkening shades"", ""Hangers"", ""Bed linens"", ""TV"", ""Hair dryer"", ""Shampoo"", ""Crib"", ""Essentials"", ""Hot water"", ""Heating"", ""Wifi""]",$80.00,2,1125,2,2,1125,1125,2.0,1125.0,0,0,17,105,20,0,0,4.9,4.9,4.95,4.95,4.9,4.6,4.8,00000061670,1,1,0,0,0.23
1400,1400,23194228,2024-12-25,city scrape,77457889,within a day,100%,95%,f,46,48,"['email', 'phone']","Athina, Greece",37.99989,23.73478,Entire rental unit,Entire home/apt,11,2.5,6.0,7.0,"[""Host greets you"", ""Dishes and silverware"", ""TV"", ""Hair dryer"", ""Refrigerator"", ""Essentials"", ""Heating"", ""Cooking basics"", ""Private entrance"", ""Hangers"", ""Oven"", ""Microwave"", ""Air conditioning"", ""Paid parking off premises"", ""Iron"", ""Shampoo"", ""First aid kit"", ""Free street parking"", ""Kitchen"", ""Elevator"", ""Wifi"", ""Coffee maker""]",$130.00,2,1125,2,2,1125,1125,2.0,1125.0,0,0,0,47,20,5,0,4.4,4.55,4.55,4.45,4.65,4.2,4.6,00000326984,35,35,0,0,0.25
1600,1600,24487266,2024-12-25,city scrape,184971311,within an hour,95%,100%,t,19,24,"['email', 'phone']","Athina, Greece",37.97413,23.72894,Entire rental unit,Entire home/apt,4,1.0,2.0,3.0,"[""Breakfast"", ""Coffee"", ""Dishes and silverware"", ""Luggage dropoff allowed"", ""Conditioner"", ""Cleaning products"", ""Shower gel"", ""TV"", ""Toaster"", ""Hair dryer"", ""Refrigerator"", ""Essentials"", ""Heating"", ""Self check-in"", ""Cooking basics"", ""Lockbox"", ""LG sound system with Bluetooth and aux"", ""Drying rack for clothing"", ""Ethernet connection"", ""Hangers"", ""High chair"", ""Crib"", ""Hot water"", ""Oven"", ""Stove"", ""Baking sheet"", ""Long term stays allowed"", ""Air conditioning"", ""Iron"", ""Clothing storage: wardrobe"", ""Room-darkening shades"", ""Bed linens"", ""Shampoo"", ""Coffee maker: Nespresso"", ""Free washer \u2013 In unit"", ""Dishwasher"", ""Hot water kettle"", ""Wine glasses"", ""Dining table"", ""First aid kit"", ""Single level home"", ""Outdoor furniture"", ""Extra pillows and blankets"", ""Private patio or balcony"", ""Kitchen"", ""Body soap"", ""Elevator"", ""Wifi""]",$177.00,1,365,1,3,1125,1125,2.2,1125.0,18,48,78,308,92,16,0,4.87,4.92,4.93,4.92,4.9,5.0,4.82,00000111640,19,19,0,0,1.29
1800,1800,26299378,2024-12-25,city scrape,132374216,within an hour,100%,100%,t,1,1,"['email', 'phone']","Athens, Greece",37.97525,23.719,Entire rental unit,Entire home/apt,4,1.0,2.0,6.0,"[""Host greets you"", ""Coffee"", ""Dishes and silverware"", ""Cleaning products"", ""Shower gel"", ""TV"", ""Toaster"", ""Hair dryer"", ""Refrigerator"", ""Essentials"", ""Cooking basics"", ""Clothing storage"", ""Hangers"", ""Freezer"", ""Hot water"", ""Books and reading material"", ""Oven"", ""Stove"", ""Air conditioning"", ""Iron"", ""Room-darkening shades"", ""Bed linens"", ""Coffee maker: drip coffee maker"", ""Shampoo"", ""Bathtub"", ""Hot water kettle"", ""Wine glasses"", ""First aid kit"", ""Private patio or balcony"", ""Free street parking"", ""Kitchen"", ""Fire extinguisher"", ""Elevator"", ""Wifi""]",$134.00,2,1125,2,2,1125,1125,2.0,1125.0,7,7,7,136,227,37,0,4.93,4.94,4.95,4.95,4.99,4.96,4.88,00000081784,1,1,0,0,2.94
2000,2000,27246550,2024-12-26,city scrape,205209765,,,,f,5,7,"['email', 'phone']","Athina, Greece",37.979271,23.726051,Room in aparthotel,Hotel room,2,1.0,1.0,1.0,"[""Long term stays allowed"", ""Air conditioning"", ""Iron"", ""Pets allowed"", ""Luggage dropoff allowed"", ""Hangers"", ""TV"", ""Hair dryer"", ""Shampoo"", ""Essentials"", ""Hot water"", ""Elevator"", ""Heating"", ""Dedicated workspace"", ""Wifi""]",$241.00,1,1125,1,1,1125,1125,1.0,1125.0,21,51,81,353,0,0,0,,,,,,,,1070593,5,0,0,0,
2200,2200,29701261,2024-12-25,city scrape,223507529,within an hour,100%,100%,t,2,2,"['email', 'phone']","Athina, Greece",37.97951949999999,23.7131018,Entire condo,Entire home/apt,6,1.0,2.0,4.0,"[""Host greets you"", ""Induction stove"", ""Luggage dropoff allowed"", ""Outlet covers"", ""Dishes and silverware"", ""Cleaning products"", ""Shower gel"", ""Central air conditioning"", ""Toaster"", ""Hair dryer"", ""Zealots body soap"", ""Essentials"", ""Dedicated workspace"", ""Cooking basics"", ""Drying rack for clothing"", ""Private entrance"", ""Hangers"", ""Hot water"", ""Long term stays allowed"", ""City skyline view"", ""Iron"", ""Clothing storage: wardrobe"", ""Room-darkening shades"", ""Paid pack \u2019n play/travel crib - available upon request"", ""Bed linens"", ""Mini fridge"", ""Smoke alarm"", ""Hot water kettle"", ""Wine glasses"", ""First aid kit"", ""Dining table"", ""Outdoor furniture"", ""Extra pillows and blankets"", ""Private patio or balcony"", ""Central heating"", ""Free street parking"", ""32 inch HDTV"", ""Zealots shampoo"", ""Kitchen"", ""Children\u2019s dinnerware"", ""Table corner guards"", ""Fire extinguisher"", ""Elevator"", ""Wifi"", ""Coffee maker: espresso machine""]",$162.00,1,30,2,2,999,999,2.0,999.0,22,52,75,345,32,12,0,4.94,5.0,4.94,5.0,5.0,4.88,4.97,00001560534,2,2,0,0,1.07
2400,2400,31139423,2024-12-25,city scrape,114156592,within an hour,100%,100%,t,297,310,"['email', 'phone', 'work_email']","Athina, Greece",37.96469,23.72836,Entire rental unit,Entire home/apt,4,2.0,1.0,2.0,"[""50 inch HDTV with Netflix, standard cable"", ""Coffee"", ""Dishes and silverware"", ""Luggage dropoff allowed"", ""Conditioner"", ""Cleaning products"", ""Shower gel"", ""Central air conditioning"", ""Toaster"", ""Hair dryer"", ""Refrigerator"", ""Essentials"", ""Free dryer \u2013 In unit"", ""Heating"", ""Safe"", ""Dedicated workspace"", ""Cooking basics"", ""Self check-in"", ""Trash compactor"", ""Ethernet connection"", ""Clothing storage"", ""Hangers"", ""Sound system"", ""High chair"", ""Crib"", ""Hot water"", ""Oven"", ""Keypad"", ""Baking sheet"", ""Microwave"", ""Long term stays allowed"", ""Paid parking off premises"", ""City skyline view"", ""Iron"", ""Room-darkening shades"", ""Bed linens"", ""Window guards"", ""Mini fridge"", ""Outdoor dining area"", ""Shampoo"", ""Free washer \u2013 In unit"", ""Dishwasher"", ""Smoke alarm"", ""Hot water kettle"", ""Wine glasses"", ""Babysitter recommendations"", ""First aid kit"", ""Outdoor furniture"", ""Extra pillows and blankets"", ""Free street parking"", ""Kitchen"", ""Body soap"", ""Carbon monoxide alarm"", ""LG electric stove"", ""Fire extinguisher"", ""Elevator"", ""Wifi"", ""Coffee maker""]",$180.00,1,1125,2,2,1125,1125,2.0,1125.0,17,33,63,325,8,0,0,5.0,5.0,5.0,5.0,5.0,5.0,5.0,0206E70000698401,58,42,15,0,0.11
2600,2600,32841822,2024-12-25,city scrape,247064842,within an hour,100%,93%,t,1,1,"['email', 'phone']","Athina, Greece",37.98571,23.72344,Entire condo,Entire home/apt,3,1.0,2.0,2.0,"[""Coffee"", ""Dishes and silverware"", ""Cleaning products"", ""Shower gel"", ""Toaster"", ""Hair dryer"", ""Essentials"", ""42 inch HDTV with standard cable"", ""Cooking basics"", ""Drying rack for clothing"", ""Ethernet connection"", ""Hangers"", ""Hot water"", ""Aeg stove"", ""Oven"", ""Baking sheet"", ""Window AC unit"", ""Iron"", ""Clothing storage: wardrobe"", ""Bed linens"", ""Free washer \u2013 In unit"", ""Smoke alarm"", ""Pitsos refrigerator"", ""Hot water kettle"", ""First aid kit"", ""Dove shampoo"", ""Dove body soap"", ""Extra pillows and blankets"", ""Free parking on premises"", ""Free street parking"", ""Kitchen"", ""Radiant heating"", ""Carbon monoxide alarm"", ""Fire extinguisher"", ""Elevator"", ""Portable fans"", ""Wifi"", ""Coffee maker: espresso machine""]",$58.00,4,10,4,4,1125,1125,4.0,1125.0,14,44,74,349,56,7,0,4.68,4.82,4.82,4.88,4.89,4.13,4.84,00000589354,1,1,0,0,0.79
2800,2800,34383756,2024-12-25,city scrape,259575633,within an hour,100%,100%,t,1,1,"['email', 'phone']","Athina, Greece",37.9779,23.73117,Entire rental unit,Entire home/apt,3,1.0,1.0,2.0,"[""Dishes and silverware"", ""Washer"", ""Smoking allowed"", ""Cleaning products"", ""Hair dryer"", ""Essentials"", ""Heating"", ""Drying rack for clothing"", ""Private entrance"", ""Pets allowed"", ""Hangers"", ""Dryer"", ""Hot water"", ""Air conditioning"", ""Iron"", ""Room-darkening shades"", ""Bed linens"", ""40 inch HDTV with Netflix, standard cable, DVD player"", ""Wifi""]",$58.00,1,30,1,1,30,30,1.0,30.0,0,0,19,20,175,67,0,4.75,4.77,4.77,4.94,4.95,4.93,4.74,00001208072,1,1,0,0,2.59
3000,3000,35103883,2024-12-25,city scrape,259969589,within an hour,100%,100%,f,22,22,"['email', 'phone']","Athina, Greece",37.97866,23.7308,Entire serviced apartment,Entire home/apt,6,2.0,2.0,3.0,"[""Luggage dropoff allowed"", ""Dishes and silverware"", ""Washer"", ""Housekeeping available every day - included with your stay"", ""Toaster"", ""Shower gel"", ""TV"", ""Hair dryer"", ""Refrigerator"", ""Essentials"", ""Heating"", ""Dedicated workspace"", ""Cooking basics"", ""Drying rack for clothing"", ""Hangers"", ""Clothing storage: closet"", ""Hot water"", ""Oven"", ""Stove"", ""Long term stays allowed"", ""Air conditioning"", ""Paid parking off premises"", ""Iron"", ""Room-darkening shades"", ""Bed linens"", ""Shampoo"", ""Hot water kettle"", ""Wine glasses"", ""Single level home"", ""Free street parking"", ""Kitchen"", ""Pack \u2019n play/Travel crib"", ""Elevator"", ""Shared gym in building"", ""Wifi"", ""Coffee maker""]",$147.00,1,1125,1,1,1125,1125,1.0,1125.0,14,39,58,317,5,2,0,4.8,5.0,4.6,5.0,5.0,5.0,5.0,00000860816,22,22,0,0,0.17
3200,3200,36316809,2024-12-25,city scrape,273125067,within an hour,100%,100%,f,1,1,['phone'],"Athina, Greece",37.99149,23.75302,Entire rental unit,Entire home/apt,4,1.0,1.0,2.0,"[""Host greets you"", ""Coffee"", ""Outlet covers"", ""Dishes and silverware"", ""Cleaning products"", ""Toaster"", ""TV"", ""Hair dryer"", ""Refrigerator"", ""Soupline conditioner"", ""Essentials"", ""Heating"", ""Cooking basics"", ""Drying rack for clothing"", ""Private entrance"", ""Hangers"", ""Freezer"", ""Hot water"", ""Books and reading material"", ""Baking sheet"", ""Marks & Spencer / Papoutsanis body soap"", ""Long term stays allowed"", ""Air conditioning"", ""Iron"", ""Clothing storage: wardrobe"", ""Window guards"", ""Coffee maker: drip coffee maker"", ""Shampoo"", ""Free washer \u2013 In unit"", ""Hot water kettle"", ""Dining table"", ""First aid kit"", ""Outdoor furniture"", ""Extra pillows and blankets"", ""Private patio or balcony"", ""Free street parking"", ""Kitchen"", ""Fire extinguisher"", ""Stainless steel single oven"", ""Elevator"", ""Wifi""]",$74.00,2,1125,2,7,1125,1125,2.0,1125.0,26,26,26,26,13,2,0,5.0,5.0,5.0,5.0,5.0,4.77,4.85,00002909729,1,1,0,0,0.2
3400,3400,38519936,2024-12-25,city scrape,185848682,within a few hours,83%,100%,t,1,1,"['email', 'phone']","Athina, Greece",37.9921,23.7218,Entire rental unit,Entire home/apt,6,2.0,2.0,4.0,"[""Luggage dropoff allowed"", ""Dishes and silverware"", ""Washer"", ""Children\u2019s books and toys"", ""TV"", ""Hair dryer"", ""Refrigerator"", ""Essentials"", ""Heating"", ""Self check-in"", ""Cooking basics"", ""Lockbox"", ""Hangers"", ""Patio or balcony"", ""Crib"", ""Hot water"", ""Oven"", ""Stove"", ""Microwave"", ""Long term stays allowed"", ""Air conditioning"", ""Iron"", ""Room-darkening shades"", ""Bed linens"", ""Coffee maker: drip coffee maker"", ""Shampoo"", ""First aid kit"", ""Extra pillows and blankets"", ""Free street parking"", ""Kitchen"", ""Pack \u2019n play/Travel crib"", ""Elevator"", ""Wifi""]",$53.00,2,1125,1,2,1125,1125,2.0,1125.0,0,0,0,0,123,20,0,4.96,4.93,4.95,4.96,4.95,4.59,4.94,00000864480,1,1,0,0,1.92
3600,3600,40300131,2024-12-26,previous scrape,129204185,within an hour,100%,100%,,9,34,"['email', 'phone']","Athina, Greece",37.96763,23.72927,Entire rental unit,Entire home/apt,4,,2.0,,"[""Dishes and silverware"", ""Washer"", ""TV"", ""Hair dryer"", ""Essentials"", ""Hangers"", ""High chair"", ""Hot water"", ""Microwave"", ""Air conditioning"", ""Iron"", ""Bed linens"", ""Shampoo"", ""Smoke alarm"", ""First aid kit"", ""Extra pillows and blankets"", ""Kitchen"", ""Pack \u2019n play/Travel crib"", ""Carbon monoxide alarm"", ""Fire extinguisher"", ""Wifi""]",,1,28,1,1,1125,1125,1.0,1125.0,1,9,35,120,384,87,4,4.78,4.82,4.77,4.9,4.9,4.97,4.84,00000906750,4,4,0,0,6.34
3800,3800,42440320,2024-12-25,city scrape,63903716,within an hour,100%,97%,t,62,64,"['email', 'phone']","Athina, Greece",37.98897933959961,23.72565078735352,Private room in condo,Private room,2,1.0,1.0,1.0,"[""Host greets you"", ""Heating - split type ductless system"", ""Forno electric stove"", ""Coffee"", ""Dishes and silverware"", ""Luggage dropoff allowed"", ""Shower gel"", ""Clothing storage: wardrobe and dresser"", ""Hair dryer"", ""Refrigerator"", ""Essentials"", ""Dedicated workspace"", ""Cooking basics"", ""Drying rack for clothing"", ""Hangers"", ""Freezer"", ""Hot water"", ""Laundromat nearby"", ""Baking sheet"", ""Microwave"", ""Long term stays allowed"", ""Courtyard view"", ""Iron"", ""Room-darkening shades"", ""Bed linens"", ""Window guards"", ""AC - split type ductless system"", ""Wifi \u2013 43 Mbps"", ""Shampoo"", ""Paid parking garage off premises"", ""Bathtub"", ""Free washer \u2013 In unit"", ""Hot water kettle"", ""Wine glasses"", ""Dining table"", ""First aid kit"", ""Extra pillows and blankets"", ""Private patio or balcony"", ""Free street parking"", ""Kitchen"", ""Lock on bedroom door"", ""Body soap"", ""Fire extinguisher"", ""Stainless steel single oven"", ""Elevator""]",$36.00,2,1125,2,2,1125,1125,2.0,1125.0,0,0,0,160,6,1,0,5.0,5.0,4.83,4.83,5.0,4.5,5.0,00002993311,61,18,43,0,0.14
4000,4000,44095149,2024-12-25,city scrape,12425849,within an hour,100%,100%,f,2,7,"['email', 'phone']","Athina, Greece",37.97736,23.71404,Entire rental unit,Entire home/apt,4,2.0,2.0,2.0,"[""Coffee"", ""Dishes and silverware"", ""Luggage dropoff allowed"", ""Exterior security cameras on property"", ""Conditioner"", ""Cleaning products"", ""Shower gel"", ""Toaster"", ""Hair dryer"", ""Refrigerator"", ""Essentials"", ""Heating"", ""Dedicated workspace"", ""Park view"", ""Cooking basics"", ""Drying rack for clothing"", ""Bidet"", ""Ethernet connection"", ""Sun loungers"", ""Electric stove"", ""Exercise equipment: free weights, yoga mat"", ""Hangers"", ""Clothing storage: closet and dresser"", ""Freezer"", ""Hot water"", ""Laundromat nearby"", ""Microwave"", ""Long term stays allowed"", ""Portable air conditioning"", ""City skyline view"", ""Iron"", ""Room-darkening shades"", ""Cleaning available during stay"", ""Mountain view"", ""Bed linens"", ""Shampoo"", ""Mosquito net"", ""Free washer \u2013 In unit"", ""Dishwasher"", ""HDTV with premium cable"", ""Wine glasses"", ""Dining table"", ""Outdoor furniture"", ""Extra pillows and blankets"", ""Private patio or balcony"", ""Free parking on premises"", ""Free street parking"", ""Kitchen"", ""Body soap"", ""AEG double oven"", ""Fire extinguisher"", ""Elevator"", ""Portable fans"", ""Wifi"", ""Coffee maker""]",$120.00,3,1125,3,3,1125,1125,3.0,1125.0,20,50,80,260,40,2,0,4.9,4.9,5.0,4.9,4.88,4.78,4.9,00001193881,2,2,0,0,0.92
4200,4200,45982567,2024-12-26,previous scrape,244307919,within an hour,100%,100%,t,1,1,"['email', 'phone']","Athina, Greece",37.97872,23.73684,Entire rental unit,Entire home/apt,2,,,,"[""Coffee"", ""Dishes and silverware"", ""Washer"", ""Cleaning products"", ""Shower gel"", ""TV"", ""Hair dryer"", ""Refrigerator"", ""Essentials"", ""Self check-in"", ""Cooking basics"", ""Lockbox"", ""Portable heater"", ""Drying rack for clothing"", ""Hangers"", ""Freezer"", ""Hot water"", ""Stove"", ""Blender"", ""Laundromat nearby"", ""Microwave"", ""Long term stays allowed"", ""Air conditioning"", ""Iron"", ""Room-darkening shades"", ""Darel conditioner"", ""Bed linens"", ""Shampoo"", ""Mosquito net"", ""Hot water kettle"", ""Dining table"", ""Lux body soap"", ""First aid kit"", ""Extra pillows and blankets"", ""Kitchen"", ""Elevator"", ""Wifi"", ""Coffee maker: espresso machine""]",,2,1125,2,2,1125,1125,2.0,1125.0,0,0,0,0,80,33,0,4.88,4.89,4.88,4.91,4.99,4.93,4.88,00001111932,1,1,0,0,1.63
4400,4400,49453258,2024-12-25,city scrape,175796661,within an hour,90%,99%,f,12,14,"['email', 'phone']","Athina, Greece",37.976295,23.729813,Room in aparthotel,Entire home/apt,2,1.0,1.0,1.0,"[""Coffee"", ""Dishes and silverware"", ""Shower gel"", ""TV"", ""Hair dryer"", ""Essentials"", ""Heating"", ""Dedicated workspace"", ""Safe"", ""Self check-in"", ""Bidet"", ""Hangers"", ""Hot water"", ""Keypad"", ""Air conditioning"", ""City skyline view"", ""Iron"", ""Bed linens"", ""Mini fridge"", ""Shampoo"", ""Coffee maker: espresso machine, french press"", ""Hot water kettle"", ""Wine glasses"", ""First aid kit"", ""Body soap"", ""Fire extinguisher"", ""Elevator"", ""Wifi""]",$66.00,2,1125,1,2,1125,1125,2.0,1125.0,18,40,70,345,16,5,0,4.88,4.94,4.94,4.75,4.94,5.0,4.94,1055714,5,5,0,0,0.38
4600,4600,50767528,2024-12-25,city scrape,67904289,within an hour,100%,99%,t,2,2,"['email', 'phone']","Athina, Greece",37.976337,23.743986,Entire condo,Entire home/apt,7,2.0,4.0,5.0,"[""Coffee"", ""Dishes and silverware"", ""Luggage dropoff allowed"", ""Conditioner"", ""Cleaning products"", ""Shower gel"", ""Children\u2019s books and toys"", ""Toaster"", ""Hair dryer"", ""Refrigerator"", ""Essentials"", ""Ceiling fan"", ""Clothing storage: closet and wardrobe"", ""Free dryer \u2013 In unit"", ""Self check-in"", ""Cooking basics"", ""Lockbox"", ""Stainless steel oven"", ""Pets allowed"", ""Exercise equipment: free weights, yoga mat"", ""Hangers"", ""High chair"", ""Crib"", ""Hot water"", ""Books and reading material"", ""Blender"", ""Microwave"", ""Iron"", ""Bed linens"", ""AC - split type ductless system"", ""Outdoor dining area"", ""Shampoo"", ""Free washer \u2013 In unit"", ""Dishwasher"", ""Hot water kettle"", ""Wine glasses"", ""Dining table"", ""First aid kit"", ""Single level home"", ""Outdoor furniture"", ""Extra pillows and blankets"", ""Board games"", ""Central heating"", ""Private patio or balcony"", ""Free parking on premises"", ""Kitchen"", ""Pack \u2019n play/Travel crib"", ""Rice maker"", ""Various body soap"", ""Elevator"", ""55 inch HDTV with Netflix"", ""Wifi"", ""Coffee maker""]",$180.00,3,30,3,3,1125,1125,3.0,1125.0,19,43,59,281,103,36,2,4.86,4.88,4.88,4.9,4.93,4.98,4.83,00001257138,1,1,0,0,2.46
4800,4800,51572872,2024-12-25,city scrape,13031654,within an hour,100%,100%,f,38,42,['phone'],,37.98905,23.72554,Entire rental unit,Entire home/apt,3,1.0,1.0,2.0,"[""Dishes and silverware"", ""Shower gel"", ""TV"", ""Hair dryer"", ""Refrigerator"", ""Essentials"", ""Self check-in"", ""Cooking basics"", ""Lockbox"", ""Clothing storage"", ""Patio or balcony"", ""Hot water"", ""Stove"", ""Microwave"", ""Long term stays allowed"", ""Air conditioning"", ""Iron"", ""Bed linens"", ""Shampoo"", ""Hot water kettle"", ""Dining table"", ""First aid kit"", ""Free street parking"", ""Kitchen"", ""Body soap"", ""Wifi""]",$32.00,2,60,1,2,1125,1125,2.0,1125.0,10,33,63,240,89,22,0,4.79,4.83,4.75,4.92,4.97,3.85,4.7,1332352,38,38,0,0,2.22
5000,5000,52977230,2024-12-25,city scrape,330622463,within an hour,100%,100%,t,59,63,"['email', 'phone']","Athina, Greece",37.96426,23.74699,Entire rental unit,Entire home/apt,2,1.0,0.0,1.0,"[""Coffee"", ""Dishes and silverware"", ""Cleaning products"", ""Elemis conditioner"", ""Shower gel"", ""Central air conditioning"", ""Hair dryer"", ""Refrigerator"", ""Toaster"", ""Essentials"", ""Housekeeping available from 9:00\u202fAM to 3:30\u202fAM, every day - available at extra cost"", ""Dedicated workspace"", ""Self check-in"", ""Cooking basics"", ""Stainless steel electric stove"", ""Lockbox"", ""Drying rack for clothing"", ""Stainless steel oven"", ""Ethernet connection"", ""Aqua Soap body soap"", ""Hangers"", ""Freezer"", ""Clothing storage: closet"", ""Hot water"", ""Books and reading material"", ""Blender"", ""Laundromat nearby"", ""Microwave"", ""Long term stays allowed"", ""Iron"", ""Paid crib - available upon request"", ""Aqua Senses shampoo"", ""Room-darkening shades"", ""Bed linens"", ""Outdoor dining area"", ""Paid parking garage off premises"", ""Mosquito net"", ""Free washer \u2013 In unit"", ""Smoke alarm"", ""Hot water kettle"", ""Wine glasses"", ""First aid kit"", ""Single level home"", ""53 inch HDTV with Netflix"", ""Coffee maker: drip coffee maker, Nespresso"", ""Paid standalone high chair - available upon request"", ""Extra pillows and blankets"", ""Backyard"", ""Outdoor furniture"", ""Free street parking"", ""Kitchen"", ""Shared patio or balcony"", ""Fire extinguisher"", ""Wifi""]",$84.00,2,1125,2,2,1125,1125,2.0,1125.0,30,60,90,365,19,4,0,4.21,4.26,4.42,4.37,4.42,4.11,4.11,00001372240,36,36,0,0,0.52
5200,5200,53863029,2024-12-25,city scrape,385194327,within a few hours,100%,97%,f,6,6,['phone'],"Athina, Greece",37.9883,23.75095,Entire rental unit,Entire home/apt,2,1.0,1.0,1.0,"[""Heating - split type ductless system"", ""Dishes and silverware"", ""Washer"", ""Cleaning products"", ""TV"", ""Essentials"", ""Dedicated workspace"", ""Drying rack for clothing"", ""Hangers"", ""Dryer"", ""Freezer"", ""Patio or balcony"", ""Hot water"", ""Oven"", ""Long term stays allowed"", ""Air conditioning"", ""Iron"", ""Bed linens"", ""Mini fridge"", ""Outdoor dining area"", ""Hot water kettle"", ""Wine glasses"", ""Dining table"", ""Outdoor furniture"", ""Extra pillows and blankets"", ""Backyard"", ""Central heating"", ""Free street parking"", ""Kitchen"", ""Wifi""]",$48.00,4,365,1,4,365,365,4.0,365.0,14,19,19,288,46,17,0,4.78,4.72,4.93,4.76,4.76,4.59,4.72,00001499741,2,2,0,0,1.42
5400,5400,547651688982514791,2024-12-25,city scrape,39528691,,,,f,7,8,"['email', 'phone']","Athina, Greece",37.98341,23.73993,Entire condo,Entire home/apt,4,1.0,2.0,2.0,"[""Coffee"", ""Dishes and silverware"", ""HDTV with Netflix, standard cable"", ""Cleaning products"", ""Central air conditioning"", ""Toaster"", ""Hair dryer"", ""Refrigerator"", ""Bay view"", ""Essentials"", ""Free dryer \u2013 In unit"", ""Dedicated workspace"", ""Self check-in"", ""Cooking basics"", ""Lockbox"", ""Drying rack for clothing"", ""Stainless steel oven"", ""Hangers"", ""Wifi \u2013 14 Mbps"", ""Hot water"", ""Sea view"", ""Long term stays allowed"", ""Iron"", ""Room-darkening shades"", ""Bluetooth sound system"", ""Mountain view"", ""Bed linens"", ""Outdoor dining area"", ""Shampoo"", ""Mosquito net"", ""Coffee maker: Nespresso"", ""Free washer \u2013 In unit"", ""Dishwasher"", ""Hot water kettle"", ""Wine glasses"", ""Dining table"", ""Bread maker"", ""Clothing storage: walk-in closet"", ""Outdoor furniture"", ""Extra pillows and blankets"", ""Private patio or balcony"", ""Central heating"", ""Kitchen"", ""Body soap"", ""Fire extinguisher""]",$180.00,3,15,2,3,15,15,2.0,15.0,3,33,63,309,72,25,0,4.83,4.9,4.74,4.9,4.97,4.82,4.76,00001428095,1,1,0,0,2.19
5600,5600,608287352165690178,2024-12-25,city scrape,212645710,within an hour,100%,100%,,14,14,"['email', 'phone']","Athina, Greece",37.98356,23.72842,Entire rental unit,Entire home/apt,2,1.0,1.0,1.0,"[""Luggage dropoff allowed"", ""Outlet covers"", ""Dishes and silverware"", ""Cleaning products"", ""Shower gel"", ""TV"", ""Hair dryer"", ""Refrigerator"", ""Essentials"", ""Heating"", ""Dedicated workspace"", ""Self check-in"", ""Cooking basics"", ""Hangers"", ""High chair"", ""Crib"", ""Hot water"", ""Keypad"", ""Stove"", ""Laundromat nearby"", ""Long term stays allowed"", ""Air conditioning"", ""Iron"", ""Room-darkening shades"", ""Bed linens"", ""Shampoo"", ""Smoke alarm"", ""Hot water kettle"", ""Wine glasses"", ""First aid kit"", ""Extra pillows and blankets"", ""Free street parking"", ""Kitchen"", ""Body soap"", ""Children\u2019s dinnerware"", ""Fire extinguisher"", ""Elevator"", ""Wifi"", ""Coffee maker""]",$49.00,1,365,1,1,1125,1125,1.0,1125.0,30,60,90,365,48,7,0,4.85,4.96,4.88,4.98,4.98,4.88,4.81,00002420770,6,6,0,0,1.48
5800,5800,625340542849626018,2024-12-26,city scrape,103441129,within an hour,100%,95%,f,1,1,"['email', 'phone']",,37.967419,23.729191,Entire condo,Entire home/apt,2,1.0,1.0,2.0,"[""Host greets you"", ""Coffee"", ""Dishes and silverware"", ""Washer"", ""Shower gel"", ""TV"", ""Hair dryer"", ""Refrigerator"", ""Essentials"", ""Heating"", ""Dedicated workspace"", ""Cooking basics"", ""Drying rack for clothing"", ""Hangers"", ""Patio or balcony"", ""Hot water"", ""Books and reading material"", ""Oven"", ""Stove"", ""Laundromat nearby"", ""Microwave"", ""Air conditioning"", ""Paid parking off premises"", ""Iron"", ""Clothing storage: wardrobe"", ""Bed linens"", ""Shampoo"", ""Hot water kettle"", ""Wine glasses"", ""Dining table"", ""First aid kit"", ""Coffee maker: drip coffee maker, Nespresso"", ""Extra pillows and blankets"", ""Kitchen"", ""Fire extinguisher"", ""Wifi""]",$70.00,2,20,2,2,20,20,2.0,20.0,0,7,37,127,32,30,0,4.97,5.0,5.0,4.91,4.94,5.0,4.94,00001590520,1,1,0,0,1.03
6000,6000,654989678004719822,2024-12-25,city scrape,40723282,within an hour,100%,99%,f,49,55,"['email', 'phone']","Athina, Greece",38.0049018,23.7381434,Entire rental unit,Entire home/apt,4,1.0,1.0,2.0,"[""Dishes and silverware"", ""Washer"", ""Cleaning products"", ""Shower gel"", ""TV"", ""Toaster"", ""Refrigerator"", ""Record player"", ""Essentials"", ""Ceiling fan"", ""Heating"", ""Cooking basics"", ""Clothing storage"", ""Freezer"", ""Hot water"", ""Books and reading material"", ""Oven"", ""Air conditioning"", ""Iron"", ""Bed linens"", ""Shampoo"", ""Wine glasses"", ""Extra pillows and blankets"", ""Kitchen"", ""Body soap"", ""Wifi"", ""Coffee maker""]",$50.00,2,365,2,2,365,365,2.0,365.0,0,0,18,293,5,0,0,4.4,4.8,4.6,4.4,5.0,4.6,4.2,00001627359,13,13,0,0,0.17
6200,6200,665083132669737868,2024-12-26,city scrape,419174410,,,,f,2,2,"['email', 'phone']",,37.97444,23.73195,Entire condo,Entire home/apt,2,1.0,1.0,1.0,"[""Window AC unit"", ""TV"", ""Hair dryer"", ""First aid kit"", ""Wifi""]",$100.00,1,365,1,1,365,365,1.0,365.0,0,0,0,208,0,0,0,,,,,,,,00001658224,2,2,0,0,
6400,6400,684054287285066882,2024-12-25,city scrape,472758755,within an hour,100%,80%,f,1,1,"['email', 'phone']","Athina, Greece",37.99670832234713,23.723394411114192,Entire condo,Entire home/apt,4,1.0,1.0,2.0,"[""Coffee"", ""Dishes and silverware"", ""Cleaning products"", ""Shower gel"", ""TV"", ""Central air conditioning"", ""Hair dryer"", ""Refrigerator"", ""Toaster"", ""Essentials"", ""Dedicated workspace"", ""Self check-in"", ""Cooking basics"", ""Lockbox"", ""Private entrance"", ""Pets allowed"", ""Hangers"", ""Freezer"", ""Hot water"", ""Oven"", ""Stove"", ""Resort access"", ""Baking sheet"", ""Long term stays allowed"", ""Iron"", ""Clothing storage: wardrobe"", ""Room-darkening shades"", ""Cleaning available during stay"", ""Bed linens"", ""Window guards"", ""Coffee maker: drip coffee maker"", ""Shampoo"", ""Hot water kettle"", ""Wine glasses"", ""Dining table"", ""First aid kit"", ""Free parking on premises"", ""Extra pillows and blankets"", ""Central heating"", ""Kitchen"", ""Body soap"", ""Wifi""]",$50.00,2,365,2,2,365,365,2.0,365.0,30,60,90,365,21,8,0,4.62,4.48,4.62,4.86,4.81,3.9,4.43,00001694470,1,1,0,0,0.75
6600,6600,713664384477134734,2024-12-25,city scrape,479065363,within an hour,80%,100%,t,3,3,"['email', 'phone']","Athina, Greece",37.9986644,23.7403424,Entire rental unit,Entire home/apt,4,1.0,1.0,2.0,"[""Dishes and silverware"", ""Washer"", ""Exterior security cameras on property"", ""ZEALOTS shampoo"", ""Cleaning products"", ""Shower gel"", ""TV"", ""Toaster"", ""Hair dryer"", ""Refrigerator"", ""Essentials"", ""Self check-in"", ""Safe"", ""Cooking basics"", ""Private entrance"", ""Hangers"", ""Freezer"", ""Hot water"", ""Oven"", ""Stove"", ""Smart lock"", ""Air conditioning"", ""Iron"", ""Clothing storage: wardrobe"", ""Room-darkening shades"", ""Bed linens"", ""Dishwasher"", ""Smoke alarm"", ""Hot water kettle"", ""Wine glasses"", ""First aid kit"", ""Dining table"", ""Private patio or balcony"", ""Central heating"", ""Kitchen"", ""Carbon monoxide alarm"", ""Fire extinguisher"", ""Wifi"", ""Coffee maker: espresso machine""]",$121.00,2,365,2,2,365,365,2.0,365.0,30,60,90,365,2,0,0,5.0,5.0,4.5,5.0,5.0,4.5,5.0,1333531,3,3,0,0,0.08
6800,6800,757736030096654572,2024-12-25,city scrape,50105352,within a few hours,100%,89%,t,2,2,"['email', 'phone']",,37.96911,23.74252,Entire condo,Entire home/apt,2,1.0,1.0,1.0,"[""Coffee"", ""Dishes and silverware"", ""Washer"", ""Luggage dropoff allowed"", ""Smoking allowed"", ""Toaster"", ""Hair dryer"", ""Essentials"", ""Cooking basics"", ""Drying rack for clothing"", ""Pets allowed"", ""Hangers"", ""Freezer"", ""Hot water"", ""Oven"", ""Baking sheet"", ""Long term stays allowed"", ""Air conditioning"", ""City skyline view"", ""Iron"", ""Clothing storage: wardrobe"", ""Bed linens"", ""Mini fridge"", ""Coffee maker: drip coffee maker"", ""Bathtub"", ""Hot water kettle"", ""First aid kit"", ""Outdoor furniture"", ""Private patio or balcony"", ""Free street parking"", ""Kitchen"", ""Fire extinguisher"", ""Elevator"", ""Wifi""]",$35.00,14,1125,14,14,1125,1125,14.0,1125.0,17,47,77,352,9,6,1,4.89,4.89,5.0,5.0,4.56,4.89,4.89,00000499506,1,1,0,0,0.37
7000,7000,785229421944256445,2024-12-25,city scrape,182156346,within an hour,100%,99%,f,126,146,['phone'],,37.990723186664304,23.76403598535234,Entire rental unit,Entire home/apt,2,1.0,1.0,1.0,"[""Dishes and silverware"", ""Washer"", ""Toaster"", ""TV"", ""Refrigerator"", ""Essentials"", ""Heating"", ""Self check-in"", ""Lockbox"", ""Clothing storage"", ""Hangers"", ""Patio or balcony"", ""Hot water"", ""Oven"", ""Stove"", ""Microwave"", ""Long term stays allowed"", ""Air conditioning"", ""Bed linens"", ""Mini fridge"", ""Bathtub"", ""Hot water kettle"", ""Dining table"", ""Free street parking"", ""Kitchen"", ""Fire extinguisher"", ""Elevator"", ""Wifi"", ""Coffee maker""]",$43.00,1,365,1,1,365,365,1.0,365.0,22,52,82,357,14,3,0,4.07,4.43,4.43,4.86,4.86,4.36,4.21,00002436202,64,64,0,0,0.58
7200,7200,815827628809982991,2024-12-25,city scrape,19535206,within an hour,100%,100%,t,4,4,"['email', 'phone', 'work_email']",,37.9899799,23.7463889,Entire rental unit,Entire home/apt,2,1.0,1.0,1.0,"[""Air conditioning"", ""Kitchen"", ""Iron"", ""Self check-in"", ""Shower gel"", ""TV"", ""Hair dryer"", ""Shampoo"", ""Hot water"", ""Lockbox"", ""Heating"", ""Dedicated workspace"", ""Cooking basics"", ""Wifi"", ""Coffee maker""]",$61.00,2,60,2,2,60,60,2.0,60.0,23,53,83,273,1,0,0,5.0,5.0,5.0,5.0,5.0,5.0,5.0,00001875013,3,3,0,0,0.05
7400,7400,840667234909721336,2024-12-25,city scrape,46086131,within an hour,100%,100%,t,20,25,"['email', 'phone']","Athina, Greece",37.98064189999999,23.7370636,Entire rental unit,Entire home/apt,5,2.0,2.0,2.0,"[""Coffee"", ""Dishes and silverware"", ""Washer"", ""Crib - always at the listing"", ""Cleaning products"", ""Shower gel"", ""55 inch HDTV"", ""Toaster"", ""Hair dryer"", ""Refrigerator"", ""Essentials"", ""Clothing storage: closet and wardrobe"", ""Heating"", ""Cooking basics"", ""Drying rack for clothing"", ""Bidet"", ""Private entrance"", ""Electric stove"", ""Hangers"", ""Hot water"", ""Oven"", ""Microwave"", ""Long term stays allowed"", ""Paid parking lot off premises"", ""Air conditioning"", ""Iron"", ""Bed linens"", ""Shampoo"", ""Mosquito net"", ""Hot water kettle"", ""Wine glasses"", ""First aid kit"", ""Single level home"", ""Coffee maker: espresso machine, pour-over coffee"", ""Outdoor furniture"", ""Extra pillows and blankets"", ""Private patio or balcony"", ""Kitchen"", ""Elevator"", ""Wifi""]",$125.00,1,365,1,1,365,365,1.0,365.0,4,4,4,4,18,6,0,4.89,4.78,4.89,4.78,4.94,4.83,4.89,00001932174,10,10,0,0,0.84
7600,7600,862702134839893810,2024-12-25,city scrape,92310506,within an hour,100%,100%,t,44,51,"['email', 'phone']","Athina, Greece",37.98272021558622,23.72011346613127,Entire rental unit,Entire home/apt,4,1.0,1.0,2.0,"[""Heating - split type ductless system"", ""Dishes and silverware"", ""Exterior security cameras on property"", ""TV"", ""Hair dryer"", ""Refrigerator"", ""Essentials"", ""Dedicated workspace"", ""Self check-in"", ""Lockbox"", ""Clothing storage"", ""Hangers"", ""Patio or balcony"", ""Paid washer \u2013 In building"", ""Crib"", ""Hot water"", ""High chair - available upon request"", ""Microwave"", ""Long term stays allowed"", ""Paid parking lot off premises"", ""Window AC unit"", ""City skyline view"", ""Iron"", ""Bed linens"", ""Mini fridge"", ""Shampoo"", ""Fast wifi \u2013 187 Mbps"", ""Smoke alarm"", ""Hot water kettle"", ""Wine glasses"", ""First aid kit"", ""Dining table"", ""Free street parking"", ""Kitchen"", ""Carbon monoxide alarm"", ""Free dryer \u2013 In building"", ""Fire extinguisher""]",$33.00,1,365,1,1,1125,1125,1.0,1125.0,22,52,82,262,96,55,0,4.92,4.91,4.96,4.99,4.97,4.56,4.86,1970744,42,42,0,0,4.59
7800,7800,879506068255612972,2024-12-26,city scrape,1418201,within an hour,100%,99%,t,40,51,"['email', 'phone']","Athina, Greece",37.9800567,23.7235141,Entire rental unit,Entire home/apt,10,4.0,5.0,6.0,"[""Host greets you"", ""Heating - split type ductless system"", ""Coffee"", ""Dishes and silverware"", ""Luggage dropoff allowed"", ""Conditioner"", ""Cleaning products"", ""Toaster"", ""TV"", ""Hair dryer"", ""Refrigerator"", ""Essentials"", ""Cooking basics"", ""Drying rack for clothing"", ""Coffee maker: french press"", ""Clothing storage"", ""Pets allowed"", ""Hangers"", ""Freezer"", ""Free washer"", ""Hot water"", ""Oven"", ""Stove"", ""Baking sheet"", ""Long term stays allowed"", ""Paid parking lot off premises"", ""City skyline view"", ""Iron"", ""Room-darkening shades"", ""Bed linens"", ""AC - split type ductless system"", ""Outdoor dining area"", ""Shampoo"", ""Hot water kettle"", ""Wine glasses"", ""Dining table"", ""Babysitter recommendations"", ""Outdoor furniture"", ""Central heating"", ""Kitchen"", ""Body soap"", ""Shared patio or balcony"", ""Pack \u2019n play/Travel crib - available upon request"", ""Fire extinguisher"", ""Folding or convertible high chair - available upon request"", ""Wifi""]",$251.00,2,365,2,2,365,365,2.0,365.0,23,53,77,275,4,3,0,4.75,4.75,4.75,5.0,4.75,4.25,4.75,00001855223,39,39,0,0,0.29
8000,8000,886648140218450320,2024-12-25,city scrape,29774879,within a few hours,100%,86%,f,1,3,"['email', 'phone']",,37.9850985,23.7271666,Entire rental unit,Entire home/apt,9,2.0,4.0,5.0,"[""Host greets you"", ""Luggage dropoff allowed"", ""Dishes and silverware"", ""Washer"", ""Cleaning products"", ""Shower gel"", ""TV"", ""Samsung refrigerator"", ""Hair dryer"", ""Toaster"", ""Essentials"", ""Free dryer \u2013 In unit"", ""Dedicated workspace"", ""Paid street parking off premises"", ""Cooking basics"", ""Self check-in"", ""Lockbox"", ""Portable heater"", ""Drying rack for clothing"", ""Private entrance"", ""Pets allowed"", ""Hangers"", ""Freezer"", ""Clothing storage: closet"", ""Books and reading material"", ""Laundromat nearby"", ""Paid parking on premises"", ""Samsung stove"", ""Long term stays allowed"", ""Air conditioning"", ""Iron"", ""Room-darkening shades"", ""Cleaning available during stay"", ""Bed linens"", ""Hot water kettle"", ""Wine glasses"", ""Dining table"", ""First aid kit"", ""Coffee maker: drip coffee maker, Nespresso"", ""Extra pillows and blankets"", ""Bosh stainless steel double oven"", ""Free street parking"", ""Kitchen"", ""Body soap"", ""Fire extinguisher"", ""Elevator"", ""Wifi""]",$162.00,2,365,2,2,365,365,2.0,365.0,30,60,90,365,5,2,0,5.0,4.6,5.0,4.6,4.6,3.2,4.8,23046404598,1,1,0,0,0.27
8200,8200,903350537849392205,2024-12-25,city scrape,140266135,within an hour,100%,100%,f,1,1,"['email', 'phone']",,37.955273539622624,23.72610785369062,Entire condo,Entire home/apt,2,1.0,1.0,1.0,"[""Coffee"", ""Dishes and silverware"", ""Indesit refrigerator"", ""Conditioner"", ""Shower gel"", ""Central air conditioning"", ""Hair dryer"", ""47 inch HDTV with Netflix"", ""Dedicated workspace"", ""Self check-in"", ""Cooking basics"", ""Lockbox"", ""Drying rack for clothing"", ""Teka stainless steel induction stove"", ""Hangers"", ""Freezer"", ""Clothing storage: closet"", ""Hot water"", ""Laundromat nearby"", ""Long term stays allowed"", ""Iron"", ""Cleaning available during stay"", ""Bed linens"", ""Outdoor dining area"", ""Mosquito net"", ""Free washer \u2013 In unit"", ""Dishwasher"", ""Smoke alarm"", ""Dining table"", ""First aid kit"", ""Outdoor furniture"", ""Extra pillows and blankets"", ""Private patio or balcony"", ""Central heating"", ""Kitchen"", ""Body soap"", ""Fire extinguisher"", ""Elevator"", ""Stainless steel double oven"", ""Wifi"", ""Coffee maker: espresso machine""]",$10.00,2,1125,2,2,1125,1125,2.0,1125.0,0,0,0,54,7,7,0,5.0,5.0,4.71,5.0,5.0,4.86,4.86,00002520374,1,1,0,0,1.0
8400,8400,909984502480753103,2024-12-25,city scrape,1856860,a few days or more,30%,28%,f,2,10,"['email', 'phone']",,37.99650208452917,23.73542298305281,Private room in bed and breakfast,Private room,1,1.0,1.0,1.0,"[""Free parking on premises"", ""Extra pillows and blankets"", ""Clothing storage"", ""Iron"", ""Lock on bedroom door"", ""Room-darkening shades"", ""Washer"", ""Hangers"", ""Kitchen"", ""Bed linens"", ""Heating"", ""Safe""]",$30.00,1,365,1,1,365,365,1.0,365.0,11,11,36,311,1,1,0,5.0,5.0,5.0,5.0,5.0,5.0,5.0,Exempt,2,1,1,0,0.15
8600,8600,922223082884509543,2024-12-25,city scrape,136715500,within a few hours,100%,100%,f,2,2,"['email', 'phone']",,37.98902,23.72653,Entire rental unit,Entire home/apt,5,1.0,2.0,3.0,"[""Heating - split type ductless system"", ""Induction stove"", ""Luggage dropoff allowed"", ""Wifi \u2013 15 Mbps"", ""Washer"", ""Dishes and silverware"", ""Conditioner"", ""Cleaning products"", ""Shower gel"", ""TV"", ""Hair dryer"", ""Refrigerator"", ""Essentials"", ""Free dryer \u2013 In unit"", ""Dedicated workspace"", ""Self check-in"", ""Cooking basics"", ""Lockbox"", ""Drying rack for clothing"", ""Crib - available upon request"", ""Hangers"", ""Freezer"", ""Hot water"", ""Books and reading material"", ""Oven"", ""High chair - available upon request"", ""Baking sheet"", ""Paid parking lot off premises"", ""Air conditioning"", ""Iron"", ""Clothing storage: wardrobe"", ""Room-darkening shades"", ""Bed linens"", ""Mini fridge"", ""Shampoo"", ""Mosquito net"", ""Coffee maker: Nespresso"", ""Smoke alarm"", ""Hot water kettle"", ""Wine glasses"", ""First aid kit"", ""Dining table"", ""Outdoor furniture"", ""Extra pillows and blankets"", ""Private patio or balcony"", ""Free parking on premises"", ""Free street parking"", ""Kitchen"", ""Body soap"", ""Carbon monoxide alarm"", ""Fire extinguisher"", ""Elevator"", ""Portable fans""]",$70.00,3,21,3,3,21,21,3.0,21.0,29,59,89,179,13,4,0,4.62,4.38,4.54,4.46,4.77,3.46,4.46,00002225250,1,1,0,0,0.76
8800,8800,940425694442161114,2024-12-25,city scrape,113548208,within an hour,100%,100%,,237,241,"['email', 'phone', 'work_email']",,37.962264941214,23.742220575463,Entire rental unit,Entire home/apt,6,1.0,2.0,3.0,"[""Heating - split type ductless system"", ""Coffee"", ""Dishes and silverware"", ""Toaster"", ""Shower gel"", ""Hair dryer"", ""Essentials"", ""Clothing storage: closet and wardrobe"", ""Dedicated workspace"", ""Safe"", ""Cooking basics"", ""Drying rack for clothing"", ""Bosch stainless steel double oven"", ""Hangers"", ""Freezer"", ""Hot water"", ""Private label body soap"", ""Microwave"", ""Long term stays allowed"", ""Iron"", ""Paid crib - available upon request"", ""Room-darkening shades"", ""Bed linens"", ""AC - split type ductless system"", ""50 inch HDTV"", ""Free washer \u2013 In unit"", ""Dishwasher"", ""Smoke alarm"", ""Hot water kettle"", ""Wine glasses"", ""First aid kit"", ""Dining table"", ""Single level home"", ""Private patio or balcony"", ""Kitchen"", ""Carbon monoxide alarm"", ""Bosch induction stove"", ""Private label shampoo"", ""BOSCH refrigerator"", ""Fire extinguisher"", ""Wifi"", ""Coffee maker: espresso machine""]",$71.00,1,1125,1,3,1125,1125,2.4,1125.0,22,43,67,339,0,0,0,,,,,,,,00002232136,90,90,0,0,
9000,9000,958616226047163615,2024-12-26,city scrape,3296820,within an hour,100%,96%,t,58,76,"['email', 'phone']",,37.978359365466495,23.724446463717467,Entire rental unit,Entire home/apt,4,1.0,0.0,2.0,"[""Free parking on premises"", ""Air conditioning"", ""Kitchen"", ""Washer"", ""Exterior security cameras on property"", ""TV"", ""Dedicated workspace"", ""Wifi""]",$59.00,1,365,1,1,365,365,1.0,365.0,19,49,68,244,0,0,0,,,,,,,,00002217000,56,56,0,0,
9200,9200,979351686708585287,2024-12-26,city scrape,57151032,within an hour,100%,91%,f,8,8,"['email', 'phone']",,37.9796167,23.7270387,Entire condo,Entire home/apt,4,1.0,0.0,1.0,"[""Dishes and silverware"", ""TV"", ""Hair dryer"", ""Refrigerator"", ""Essentials"", ""Heating"", ""Self check-in"", ""Cooking basics"", ""Lockbox"", ""Hangers"", ""Crib"", ""Hot water"", ""Oven"", ""Stove"", ""Long term stays allowed"", ""Air conditioning"", ""Iron"", ""Bed linens"", ""Shampoo"", ""Smoke alarm"", ""First aid kit"", ""Single level home"", ""Kitchen"", ""Pack \u2019n play/Travel crib"", ""Carbon monoxide alarm"", ""Fire extinguisher"", ""Elevator"", ""Wifi"", ""Coffee maker""]",$35.00,1,365,2,2,365,365,2.0,365.0,27,48,72,244,7,5,0,3.86,4.29,3.71,4.43,4.57,4.86,4.0,00002569408,7,7,0,0,0.47
9400,9400,998974724186588039,2024-12-26,city scrape,541195285,within an hour,100%,100%,t,2,2,"['email', 'phone']",,37.97334917888837,23.734234475953645,Entire condo,Entire home/apt,7,2.5,4.0,4.0,"[""Host greets you"", ""Heating - split type ductless system"", ""Coffee"", ""Dishes and silverware"", ""Washer"", ""Cleaning products"", ""Shower gel"", ""Children\u2019s books and toys"", ""Hair dryer"", ""Refrigerator"", ""Essentials"", ""Dedicated workspace"", ""50 inch HDTV with premium cable"", ""Cooking basics"", ""Drying rack for clothing"", ""Hangers"", ""Freezer"", ""Hot water"", ""Books and reading material"", ""Oven"", ""Blender"", ""Baking sheet"", ""Air conditioning"", ""Iron"", ""Clothing storage: wardrobe"", ""Cleaning available during stay"", ""Bed linens"", ""Outdoor dining area"", ""Shampoo"", ""Bathtub"", ""Coffee maker: Nespresso"", ""Dishwasher"", ""Exercise equipment"", ""Hot water kettle"", ""Wine glasses"", ""First aid kit"", ""Dining table"", ""Outdoor furniture"", ""Board games"", ""Private patio or balcony"", ""Central heating"", ""Kitchen"", ""Body soap"", ""Fire extinguisher"", ""Elevator"", ""Wifi""]",$329.00,2,10,2,2,10,10,2.0,10.0,22,52,82,315,11,11,0,5.0,5.0,4.91,4.91,5.0,5.0,4.91,00003075604,2,2,0,0,1.19
9600,9600,1022536528272966271,2024-12-25,city scrape,545765412,within an hour,100%,100%,t,5,5,"['email', 'phone']","Athina, Greece",37.9686729,23.7071801,Entire rental unit,Entire home/apt,5,1.0,1.0,3.0,"[""Luggage dropoff allowed"", ""Dishes and silverware"", ""Exterior security cameras on property"", ""Conditioner"", ""Cleaning products"", ""Shower gel"", ""TV"", ""Toaster"", ""Hair dryer"", ""Refrigerator"", ""Essentials"", ""Ceiling fan"", ""Bikes"", ""Heating"", ""Dedicated workspace"", ""Self check-in"", ""Cooking basics"", ""Lockbox"", ""Crib - available upon request"", ""Hangers"", ""Freezer"", ""Clothing storage: closet"", ""Garden view"", ""Hot water"", ""Oven"", ""Laundromat nearby"", ""Long term stays allowed"", ""Room-darkening shades"", ""Bed linens"", ""AC - split type ductless system"", ""Bosch electric stove"", ""Outdoor dining area"", ""Shampoo"", ""Mosquito net"", ""Hot water kettle"", ""Wine glasses"", ""Dining table"", ""Outdoor furniture"", ""Extra pillows and blankets"", ""Free street parking"", ""Shared backyard \u2013 Fully fenced"", ""Kitchen"", ""Body soap"", ""Shared patio or balcony"", ""Wifi"", ""Coffee maker: espresso machine""]",$95.00,1,365,1,3,365,365,1.5,365.0,24,49,79,346,8,5,0,4.75,4.88,4.38,5.0,5.0,4.88,4.75,00002348956,5,5,0,0,0.62
9800,9800,1031046368966216523,2024-12-25,city scrape,180724995,within a few hours,100%,95%,f,16,36,"['email', 'phone']","Athina, Greece",37.95392118358088,23.72392021925296,Entire condo,Entire home/apt,1,1.0,1.0,1.0,"[""Long term stays allowed"", ""Air conditioning"", ""City skyline view"", ""Kitchen"", ""Pets allowed"", ""Dishes and silverware"", ""Self check-in"", ""Washer \u2013\u00a0In building"", ""Refrigerator"", ""Essentials"", ""Lockbox"", ""Heating"", ""Dedicated workspace"", ""Wifi""]",$40.00,28,140,1,15,55,140,5.1,115.4,3,3,3,85,3,3,0,4.33,4.0,4.0,4.0,5.0,4.67,4.33,00002367234,5,3,2,0,0.29
